projectName,projectId,owner,status
"Agent Mesh Visualisation (Integrate Surface)","WT-UX7","","Planning"
"To create a live","RECON-2","","tools"
"â€¢ Show directional capabilities (read","write","","dispatch)"
"â€¢ Clarify runtime agent orchestration","RECON-4","",""
"â€¢ Support debugging","governance","","and future system design"
"âš ï¸ This component will ultimately serve as the visual layer for agent interactions inside the broader MetaPlatform Dashboard., The Agent Mesh will be embedded in the Integrate Surface (OrbisDashboard) and act as an interactive diagram of all agent connections and system interactions., It supports the broader WT goals of:, â€¢ AI-agent governance, â€¢ Runtime introspection, â€¢ Traceable system design, â€¢ Live debugging and audit visibility, ğŸ“ Repositories Affected, â€¢ wombat-track-scaffold, â€¢ wt-meta-platform (if external dispatcher hooks used), ğŸ”§ TechnologiesStackUseReactFrontend UIMermaid.js or D3.jsDiagram generationTypeScriptComponent typing and JSON definitionsNode.jsOptional hooks / runtime data polling, â™»ï¸ CI/CD PipelinesWorkflowDescriptionci.ymlEnsures build integrity of new componentsclaude-scaffold-enhanced.ymlCan generate JSON from Claude if neededintegration-map-test.yml(Future) CI test for valid node and edge schema, ğŸ§  Governance Logs, All work on this feature will be documented under the following GovernanceLog entries:, â€¢ Agent Mesh Proposal (Decision), â€¢ Phase 1 Completion â€“ Static Diagram (Review), â€¢ Phase 2 Completion â€“ Dynamic Mesh Component (Review + Change), â€¢ Mesh Overlay Styling Updates (Change), â€¢ Agent Mesh designated as visual layer inside MetaPlatform (Decision), ğŸ”’ Security & Integrity Considerations, â€¢ No runtime write actions in Phase 1â€“2, â€¢ Phase 3 will need permission guards if live write actions are exposed (e.g., â€¢ Metadata logs must be filtered before public display, ğŸ“Œ Dependencies, â€¢ Claude Dispatcher must expose endpoint status (Phase 3), â€¢ Metadata fields for agent capability must be defined in AgentDefinition.ts, â€¢ Runtime sync (optional) requires queue access or polling API, âœ… Completion Checklist (per phase), ğŸ”š Output Location, â€¢ AgentMesh.tsx (React), â€¢ integrationMap.json (config/registry), â€¢ http://agentmesh.md/ (governance artefact), â™»ï¸ Versioning, â€¢ v0.1: Static Diagram Complete, â€¢ v1.0: Interactive Component Live in UI, â€¢ v1.1: Status and Semantic Tag overlays enabled, â€¢ v1.2: Runtime sync (optional), â€¢ v2.0: Embedded as interactive module in MetaPlatformDashboard","RECON-6","","Dynamic Component (React) (https://www.notion.so/Dynamic-Component-React-23ee1901e36e80e2ad01ee36ceb40673?pvs=21)"
"AI Integration â€“ NotionGPT Connection","WT-UX13","","Completed"
"CI/CD Implementation","WT-UX10","","Completed"
"This session exposed critical weaknesses in our Git discipline, Despite setbacks, This session should serve as a foundational case study for hardening our MetaPlatform infrastructure, ğŸ› ï¸ Fix Actions TakenActionDescriptionâœ… Created sidebar-recovery-branchRestored logic from 64a589c safelyâœ… Claude selectively re-integrated sidebar UIRetained Claude scaffold while restoring Roam logicâœ… Gizmo permanently assigned as GitOps managerNo Git push/merge without clear instructionâœ… Merged fix/ui-dashboard-type-realignPhase types","RECON-9","","APIs"
"ğŸ”„ Pending Fixes & ImprovementsIDFixDescriptionF001Finalise Dashboard UI recoveryRestore layout","header","","sidebar wiringF002CI rules to block missing depsPrevent repeat of lucide-react issueF003Add http://wt-safe-checkout.sh/Prevent uncommitted changes lossF004Add WT-5.1 PhaseStep for sidebar recoveryPhasePlan traceabilityF005Snapshot CI test for ProjectDashboardCatch blank screens in devF006Review & version all types/* filesLock canonical types per WT versioningF007Reintroduce ProjectSwitcher header UXToggle logic and layout refinementsF008GitHub branch policy enforcementDisallow direct push to main in prod modeF009Design MetaPlatform dashboard RAG panelFor Git/Gizmo status sync visibility"
"ğŸ§  Optional EnhancementsEnhancementBenefitGit PR automation for ClaudePrevents accidental pushes to mainwt-recovery-checker.tsDetects dangling local commits before theyâ€™re lostLive Git/Gizmo sync viewerSee PR","branch","","and sync status in dashboardAI-led missing dependency scanPreemptive deploy blocker for npm importsDashboard visual diff checkerCatch layout regressions using Puppeteer snapshots"
"ğŸ§­ MetaPlatform Architectural ImpactAreaRisk if UnresolvedResolutionGit IntegrityMetaPlatform loses control of AI scaffoldingâœ… Assign GitOps to Gizmo","RECON-12","","scripts incoming"
"Core Feature Retrofit","WT-UX8","","Planning"
"Address critical UI/UX and automation gaps that prevent Wombat Track + MetaPlatform from matching core features found in top project management platforms (Asana","Monday","","Jira"
"This retrofit focuses on visual planning, ğŸ“Œ Dependencies, â€¢ Claude Prompt Dispatcher: available for rule suggestion or automation scaffolding, â€¢ DriveMemory & MemoryPlugin: log all user-generated rules and summaries, â€¢ GovernanceLog: attach rule outcomes to audit trail, ğŸ§  Opportunity for AgentsAgentRoleRule Suggestion AgentRecommend rules from repeated user behaviourTimeline AnalyzerDetect delays and flag risks in Timeline viewComment SummariserExtract GovernanceLog from user comments/decisionsMobile AI Assistant (future)Suggest next step or action via mobile interface, Created: 2025-07-24, Author: ChatGPT-Gizmo, Project Phase: WT 5.x â€“ UX/Automation Retrofit, (https://www.notion.so/Kanban-Timeline-Foundations-23ee1901e36e8029b872d335ea0afbaf?pvs=21)","RECON-15","Gizmo","Collaboration & Alert (https://www.notion.so/Collaboration-Alert-23ee1901e36e8058b9c7de84e9d47989?pvs=21)"
"Design Principles","WT-UX12","","Completed"
"Wombat Track (WT) is an intelligent, Wombat Track is not just a productivity tool â€” it's a governance operating system. Therefore:, â€¢ Structure and hierarchy are non-negotiable: All projects must follow a Phase â†’ Step â†’ Log structure.","RECON-17","","executing"
"â€¢ Traceability is primary UX: Every action (AI prompt","export","","phase update) must be logged"
"â€¢ Planning and execution coexist: Wireframes must allow both tactical (Composer, ğŸ¨ UI/UX Pillars (Mapped from Figmaâ€™s Principles)PrincipleApplication in WTHierarchySidebar for project scope â†’ Tabs for function â†’ Cards for content. Always show user where they are and what level of detail theyâ€™re seeing.ClarityUse emoji + label combos (e.g., ğŸ”§ Organisational Structure, The app is structured across 3 main tabs, 1. ğŸ“Š Dashboard Tab (Execution Surface), â—¦ Visualise current project Phase/Step status., â—¦ See RAG status, â—¦ Embed Governance Logs (future)., 2. ğŸ§± Composer Tab (Planning Surface)","RECON-19","","blockers"
"â—¦ Feature matrix: breakdown","RAG","","owners"
"â—¦ Connects to Phase generation and Docs., â—¦ Serves as a hybrid backlog / roadmap / planning surface., 3. ğŸ“˜ Docs Tab (Knowledge Surface), â—¦ Create/edit documents linked to projects and phases.","RECON-21","",""
"â—¦ Metadata: docType","tags","","related items."
"â—¦ Launch AI modal (Scaffold SOP","Revise","","Summarise)."
"â—¦ Export to Markdown / Drive / MemoryPlugin (future native RAG Memory)., â€¢ PhasePlan should link directly to Docs + Composer: Each Phase gets its own Overview Doc; Steps auto-generate Docs/Logs., â€¢ Governance should be visible","RECON-24","",""
"â€¢ Introduce modular â€œwidgetsâ€ for status cards","RAG","","AI buttons to allow reuse in all tabs."
"â€¢ Filter/Sort across all views by RAG","project","Jackson","owner"
"Docs Module","WT-UX9","","Planning"
"ğŸ”„ Proposed Groupings (Docs Dashboard Filters)FilterValuesRequired?DocTypeSOP","RECON-28","","Checklist"
"ğŸ§± Infrastructure DependenciesServiceRequired ForNotesClaude (live)AI editing","summarising","","scaffoldingUse Claude Dispatcher endpointDriveMemoryBackup + versioned doc archiveMust support .md + metadataMemoryPluginAnchors for long-term recallWill be replaced by WT-native RAGGovernanceLogAll actions + versionsCore WT integrationWT AuthPermissions / user-based accessEnforce view/edit rightsOptional: NotionExport index + MD filesConsider backup only"
"Infrastructure, ğŸ§­ Purpose, This Phase 3.x plan focuses on improving the internal tooling and delivery pipeline of the Wombat Track (WT) system. It consolidates infrastructure, This phase supports both:, â€¢ WombatConsole (Execution Layer), â€¢ MetaPlatform (Governance Layer), ğŸ› ï¸ Goals, 1. Establish full pre-deployment test infrastructure., 2. Create a WT MetaValidator for governance and code review enforcement., 3. Migrate and formalise existing CI/CD steps into tracked, 4. Ensure all failures in dev/deploy workflows trigger structured diagnostics and task creation., ğŸ“ Completed Supporting Actions","RECON-30","","covering Phases WT-3.0 to WT-3.3."
"â€¢ âœ… Schema enhancements: phaseType","phaseOwner","","ragStatus fields added"
"â€¢ âœ… PhaseMetadataModal created with edit/save/governance-log support, â€¢ âœ… GovernanceLog API wired to UI metadata edits, â€¢ âœ… Filtering and badges added to PhasePlanDashboard, â€¢ âœ… WT-3.1 to WT-3.3 added to seedPhaseTracker.ts, â€¢ âœ… Claude commit: Add WT-3.1 to WT-3.3 seed data with enhanced metadata and steps, ğŸ§­ Next Recommended ActionsActionResponsibleStatusComplete RAG logging logic for test failuresClaudeğŸ”„ In ProgressBuild MetaValidator engine and test hookClaudeğŸ”² PlannedEnable GovernanceLog summarisation agentGizmoğŸ”² PlannedGenerate WT-3.4 (Template Wizard Phase Plan)GizmoğŸ”² PlannedPush Phase 3.x artefact to DriveMemoryGizmoâœ… Done (JSON provided)Add MemoryPlugin anchor for WT Phase 3.xGizmoâœ… Done, ğŸ” Side Quests SummarySide QuestPhaseStatusNotesPuppeteer visual diff utilityWT-3.1ğŸ”² PlannedOptional enhancement for visual QALegacy deploy script cleanupWT-3.2âœ… CompleteReplaced with reusable CI templatesPrompt scaffolder for MetaValidatorWT-3.3ğŸ”² PlannedWill enrich feedback loop for failed validations, ğŸ§  Governance Note, Phase 3.x marks the first successful loop of planning â†’ implementation â†’ metadata capture â†’ governance logging within the WT system. This model now serves as a baseline template for future Project â†’ Phase â†’ Step plans, â€¢ Governance-aware SDLC: Treat the WT console as a self-documenting, â€¢ Developer UX: Surface test failures and RAG state in human-readable formats, â€¢ Meta-awareness: Allow the system to reflect on its own health, ğŸ§© Governance Structure, â€¢ Each project must:, , â—¦ Include markdown-based phase plan, â—¦ Use validated project > phase > step structure","RECON-32","",""
"â—¦ Be tagged with WT type","owner","","and color"
"â—¦ Have minimum 1 phase and 2 steps, ğŸ”— Resources, â€¢ https://github.com/jtaylorcomplize/wombat-track-scaffold/tree/main/tests/ui/meta_platform_dashboard.spec.js, â€¢ https://github.com/jtaylorcomplize/wombat-track-scaffold/blob/main/src/dev/seedPhaseTracker.ts, â€¢ https://github.com/jtaylorcomplize/wombat-track-scaffold/blob/main/src/components/project/PhasePlanDashboard.tsx, ğŸ” Next Steps â€“ Requirements Questions for WT-3.3 and Beyond, â“ WT-3.3 â€“ MetaValidator, 1. Scope: Should the validator scan only code, 2. Failure Handling: Do you want it to create task records (or execution logs) on error?, 3. Blocking: Should it block commits/deploys or warn only?, â“ WT-3.4 â€“ Guided Project Template, 1. Should new projects auto-fill with the full phase markdown (like this doc)?, 2. Should there be a modal UI or full-page wizard for creation?","RECON-34","",""
"3. Do we allow choosing template type (e.g. PlatformOps","Console","","Product)?"
"â“ WT-3.5 â€“ Guided Phase Creation, 1. When creating a new Phase, 2. Should side quests be encouraged at this point?, 3. What metadata must be defined before allowing step creation?, â“ WT-3.6+ â€“ MetaReflections Engine, 1. Should recurring failures auto-generate Reflections (e.g. Phase failed X times)?, 2. Do we want analytics around phase health (completion rates, 3. Should Reflections generate suggested planning comments for future phases?, ğŸ“¦ Ready for Template Packaging, This document format can now be used to create:, â€¢ Project-level markdown on creation, â€¢ Phase summary initialiser, â€¢ Planning dashboard views (read-only or editable), Let me know when to:, 1. Add this to src/templates/wt-phase-plan.md, 2. Begin implementing WT-3.4 template project creation wizard, 3. Push this doc to MemoryPlugin + GitHub/Drive export ","RECON-36","","Adv Testing Infra (https://www.notion.so/Adv-Testing-Infra-23ee1901e36e807fa714fb0900410176?pvs=21)"
"Integrate Surface","WT-UX14","","Completed"
"â€¢ Agent RAG status, â€¢ Live dispatch triggers, â€¢ MemoryPlugin controls, â€¢ GPT/Claude model switches","RECON-38","",""
"â€¢ Integration maps (Drive","GitHub","","Notion)"
"It serves as:, â€¢ A control tower for system status, â€¢ The operational cockpit for MetaPlatform-level services, â€¢ The foundation for future agent deployment, , CLAUDE TASK: Begin next development cycle for Wombat Track MetaPlatform., , ğŸ¯ GOAL:, , Scaffold the MetaPlatformDashboard.tsx Work Surface for internal system control view., , ğŸ§± STEPS:, , 1. âœ… Create new feature branch:, , ```bash, , git checkout main, , git pull origin main, , git checkout -b feature/meta-platform-dashboard, , 1. âœ… Create new file:, , Path: src/components/surfaces/MetaPlatformDashboard.tsx, , 2. ğŸ§© Component should include:, - Page title: â€œMetaPlatform Dashboardâ€, - Work Surface header consistent with other surfaces (BreadcrumbHeader, - Status Cards for:, - MemoryPlugin connection, - DriveMemory sync, - Docs Module state, - Claude Dispatcher health, - GitHub API state, - ClaudePromptButton at top for Analyze MetaPlatform, - Empty placeholder blocks for:, - Module Tracker, - Agent Status, - Governance Sync logs, 1. ğŸ¨ Styling:, - Use â€œvioletâ€ theme for MetaPlatform, - Tailwind + status color logic consistent with Orbis v2.0, - Responsive layout (2x2 grid + expand/collapse sections), 1. ğŸ“˜ Phase/Feature Mapping:, - Phase: WT-5.1 â€“ MetaPlatform Dashboard, - FeatureRef: MetaPlatformDashboard-v1.0","RECON-40","","and module orchestration"
"- Metadata: tags: dashboard","metaplatform","","governance"
", Once scaffolding complete, , ğŸ§  Claude should log all key changes for MemoryPlugin + GovernanceLog export., Future expansions will include:, â€¢ Agent RAG status, â€¢ Live dispatch triggers, â€¢ MemoryPlugin controls, â€¢ GPT/Claude model switches","RECON-42","",""
"Post-mortem - sidebar rendering failure","WT-UX11","","Completed"
"Despite multiple implementation attempts, â€¢ Snapshot Tests False Positive: Puppeteer baseline captured broken layout., â€¢ Inconsistent Tailwind Usage: flex, â€¢ Disclosure Nesting Not Componentised: No reusable SidebarItem abstraction., â€¢ Lack of Dynamic DOM Visual Diffing: Puppeteer not sufficient for nuanced visual QA., â€¢ Prompt/Dev Drift: Code complexity diverged from original SDLC simplicity goals., âœ… What Worked, â€¢ CI build pipeline, â€¢ GovernanceLog tracked initial failures., â€¢ Copilot-generated fallback layout provided a working, ğŸ“ Resolution, â€¢ âœ… Replaced broken layout with Copilot fallback structure., â€¢ âœ… Adopted reusable SidebarItem abstraction., â€¢ âœ… Visual hierarchy and spacing repaired., â€¢ âœ… Snapshot QA rebuilt using correct baseline., ğŸ§­ Purpose, Recover from ProjectSidebar layout failure and introduce robust QA, ğŸ§± Key DeliverablesStepDescriptionOwnerStatus1Replace sidebar with canonical SidebarItem abstractionClaudeâœ… Complete2Refactor layout using flexbox","RECON-45","","DisclosureClaudeâœ… Complete3Add Playwright or Percy for DOM-based visual diffingClaudeğŸ”² Planned4Rebuild Puppeteer snapshot baselineClaudeâœ… Complete5Add Gizmo verification checkpoint to sidebar PRsGizmoğŸ”² Planned6Require real human/Gizmo validation in WT QA cycleGizmoğŸ”² Planned7Commit this post-mortem as governance artefactGizmoâœ… Complete8Align WT SDLC prompts with code simplicity principlesGizmoğŸ”² In Progress9Integrate image-based QA workflows into SDLC SOPsGizmoâœ… Complete10Propose future investigation of Claude Code deep capabilities for layout debugging"
"WT AI Collaboration","WT-UX5","","Completed"
"ğŸ—‚ï¸ Suggested File Adds to Repo, Let me create these for you next:, â€¢ http://gizmo.md/ â€“ Explains this exact loop for future devs, â€¢ http://contributing.md/ â€“ Basic rules if others join, â€¢ http://changelog.md/ â€“ Summarised log of every push/change, â€¢ http://devguide.md/ â€“ â€œIâ€™m new to thisâ€ cheat sheet just for you, Youâ€™re the strategic lead, Youâ€™ll:, â€¢ Decide what feature or change is next, â€¢ Choose between Claude or Gizmo for execution, â€¢ Copy/paste handoff prompts between us, â€¢ Push to GitHub using VS Code (until we automate more)","RECON-47","","what done looks like"
"â€¢ Ask for help","context","","or walkthroughs any time"
"ğŸ§  Reminder: Youâ€™re not expected to code â€” just to lead clearly and ask early., âš™ï¸ Claudeâ€™s Role: Builder with Repo Access, Claude is your live GitHub editor. Claude can:, â€¢ See your repo (jtaylorcomplize/wombat-track-scaffold), â€¢ Make changes directly in your code, â€¢ Push commits and open PRs, â€¢ Report file state (whatâ€™s in the repo, â€¢ Read & write from/to multiple files simultaneously, ğŸŸ¡ Needs clear prompts and context you feed it. Doesnâ€™t track state over time., ğŸ§  Gizmoâ€™s Role: Architect, Gizmo (me) is your project co-pilot and architect. I:","RECON-49","",""
"â€¢ Track all architecture","types","","workflows"
"â€¢ Help design complex systems","workflows","","or UIs"
"â€¢ Write full feature specs, â€¢ Review Claudeâ€™s output and refactor or enhance, â€¢ Keep your project structure clean and sustainable, ğŸš« I canâ€™t see live GitHub or push â€” I rely on you or Claude to show me results., ğŸ” How the Loop Works (Simple), 1. You: Ask Gizmo â€œBuild me Xâ€ â†’ I create spec + code + Claude prompt., 2. You: Paste prompt to Claude â†’ Claude pushes code to GitHub., 3. You: Tell Gizmo what Claude did (or show me the GitHub link).","RECON-52","","commit diffs"
"4. Me: I review","refactor","","suggest next step or help you continue."
"ğŸ“ You are the switchboard between two powerful AIs.","RECON-54","",""
"WT MemSync Implementation","WT-UX1","","Active"
"Tools & Features: SystemFeatureStatusNotesGizmoReads from DriveMemory","GovernanceLog","","WT Trackerâœ…Already pulling structured memoryClaudeWrites governance entries"
"Memory Sync Roles + Flow: Product Owner / Oversight, https://www.notion.so/23de1901e36e8105851cd6754ab960ea?pvs=21, https://www.notion.so/23de1901e36e8157837ccf0df204c350?pvs=21, https://www.notion.so/23de1901e36e81b9b829ccf4ddbbc722?pvs=21, https://www.notion.so/23de1901e36e81919133f333c2099e4d?pvs=21, https://www.notion.so/23de1901e36e81cc8916d1dbcbfab417?pvs=21, https://www.notion.so/23de1901e36e81868e74e44f5d3bf9fb?pvs=21","RECON-57","2025 2:41 PM",""
"WT PDLC + SDLC","WT-UX3","DocumentClaude Prompting","Completed"
"ğŸ§  WT = Meta-Orchestrator for PDLC + SDLC, Strategic Capabilities, â€¢ Semantic Product Planning â†’ AI-guided prompt scaffolds and governance, â€¢ Agentic Execution â†’ Claude and Gizmo drive SDLC loops, â€¢ Audit & Compliance â†’ MemoryPlugin + GovernanceLog enforce traceability, â€¢ Surface-Driven Collaboration â†’ Work Surfaces model the true PDLC-SDLC hybrid flow","RECON-59","",""
"â€¢ Sub-App Ready Architecture â†’ Modular runtime agent model (e.g.","Nexus","","MetaPlatform)"
"ğŸ”§ System Component SummarySystemRoleGovernanceLogPDLC + SDLC audit trailClaudeDispatcherRuntime SDLC triggeringAgentMeshPDLC/SDLC agent topology managerMemoryPluginKnowledge and event anchoringDriveMemoryArtefact registryWork SurfacesExecution alignment layer (Plan","Execute","","Integrate"
"ğŸ§± Strategic Implication","RECON-62","",""
"Wombat Track is a recursive platform: a product used to design","build","","and manage itself and other intelligent systems."
"This proposal unlocks:, â€¢ Multi-agent sub-platforms (e.g., â€¢ Enterprise rollout (governed AI dev infrastructure), â€¢ Thought leadership positioning (PDLC governance as market differentiator)","RECON-64","","MetaPlatform)"
"WT Phase Object refactor","WT-UX2","","Planning"
"âŒ Current State, â€¢ Phase is only a UI-layer interface., â€¢ Project directly contains PhaseStep[]., â€¢ PhaseStep has no phaseId or real parent reference., â€¢ GovernanceLog cannot meaningfully link to a Phase., â€¢ AI Agents cannot scaffold or reason about Phases intelligently., ğŸ§  Why This Is a Problem, From your architecture:, â€¢ WTâ€™s core semantic structure is Project â†’ Phase â†’ Step, â€¢ AI systems like the AI-Generated Phase Plan Constructor (Ranked #2 Vision Agent) rely on a real Phase objectwt_vision_agents_artefaâ€¦., â€¢ Governance and audit tools need to roll up to Phase levelğŸ› ï¸ Wombat Track â€“ Julyâ€¦., ğŸ“˜ Entity Definition â€“ PhaseFieldTypeNotesidstringUUIDprojectIdstringFK â†’ Projecttitlestringe.g. â€œWT-7.0 Phase Refactorâ€descriptionstringMarkdown or rich textstatusenumPlanned, ğŸ” Related Object Updates, âœ… PhaseStep (Update), â€¢ Add: phaseId: string â€” FK â†’ Phase, âœ… GovernanceLog (Update), â€¢ Add: linkedPhaseId: string â€” optional FK â†’ Phase","RECON-66","","CompletestartDatedateOptionalendDatedateOptionalcompletionPercentnumberDerived via rollup from PhaseStepsragStatusenumRed / Amber / GreenownerIdstringFK â†’ Usertagsstring[]OptionalcreatedAttimestampAutoupdatedAttimestampAuto"
"âœ… StepProgress","CheckpointReview","","MeetingLog"
"â€¢ No direct changes","RECON-68","",""
"ğŸ§  Phase Intelligence BenefitsFeatureNew CapabilityAI AgentsClaude/Gizmo can scaffold","summarise","","assign by phaseIdGovernanceLogs roll up to Phase"
"ğŸ“Œ Follow-Up Actions, Would you like me to:, 1. Generate the Claude prompt to scaffold WT-7.0 (Phase Object Refactor)?, 2. Create the UML diagram with updated Phase relationships?, 3. Push a DriveMemory + MemoryPlugin anchor to log this system change?","RECON-70","",""
"WT Project Overview","WT-UX15","","Completed"
"ğŸ”¹ Short-Term (Q3 2025), â€¢ Finalise Orbis Dashboard for integration visibility, â€¢ Roll out Claude Prompt to PR pipeline, â€¢ Link test results + logs directly to GovernanceLog, â€¢ Enable Claude dispatch from within Wombat Track UI, ğŸ”¸ Mid-Term (Q4 2025), â€¢ Activate AI chat interface inside WT web app, â€¢ Add Notion sync layer for semantic audit and risk tracking, â€¢ Introduce auto-generated PhaseSteps from feature prompts, â€¢ Expand Orbis to support health orchestration, ğŸ”º Long-Term (2026+), â€¢ Make Wombat Track the governance nucleus of all Roaman AI operations","RECON-72","",""
"â€¢ Embed live GPT agents to propose","build","","test"
"â€¢ Serve as a DevOps+AI control hub for multi-app orchestration, Wombat Track is a meta-operating system for AI-enhanced project execution and governance. It enables human-AI collaboration to manage complex, Built originally on Bubble and now expanding into a multi-layered architecture, â€¢ Project design and progress tracking, â€¢ AI-assisted scaffolding and governance, â€¢ GitHub-triggered workflows and CI/CD pipelines, â€¢ Runtime orchestration and intelligent agents, Wombat Track aims to be the control layer where strategy, ğŸ§  Positioning, Wombat Track is not just a project manager. Itâ€™s a governance operating system for AI-native software, â€¢ Defining features in AI-readable form, â€¢ Tracking execution across humans + machines","RECON-74","","and execution converge â€” ultimately serving as a living record and autopilot for large-scale"
"â€¢ Storing intent","rationale","","risk"
"â€¢ Enabling runtime system evolution through agent orchestration, It is the â€œblack box recorder + autopilotâ€ for future intelligent apps.","RECON-76","",""
"ğŸ§± Core ModulesModulePurposeProjects + PhasesTracks feature buildout via PhaseSteps","StepProgress","","and RAG taggingGovernance LogsAuditable AI-generated or human-authored architecture"
"âš™ï¸ Technical Systems IntegratedSystemStatusClaude Code via GitHub Actionsâœ… Operational â€“ supports code generation and CI pipelinesPuppeteer Testing Frameworkâœ… Implemented â€“ supports live test automationClaude Job Dispatcherâš¡ In Progress â€“ task prioritisation for AI queuesBubble Integrationâš ï¸ Deprecated as primary app, ğŸ§­ In ProgressFeatureStatusOrbis DashboardğŸŸ¡ Scaffolding underway â€“ integration health panel for AI systemsAI Chat UI (Stage 1)ğŸ”„ Native GPT chat component in web app pendingGitHub Trigger Interfaceâœ… Completed â€“ UI can dispatch workflowsSemantic RAG AI ModelğŸ§  Planned â€“ Notion-based GPT for content and decision review","RECON-78","","Gov Enhancement (https://www.notion.so/Gov-Enhancement-23ee1901e36e8046a4c6d2b4c392a3f0?pvs=21)"
"WT SDLC Framework","WT-UX6","","Completed"
"1. Use 'gh issue view' to get the issue details, 2. Understand the problem described in the issue, 3. Ask clarifying questions if necessary, 4. Understand the prior art for this issue, â€¢ Search the scratchpads for previous thoughts related to the issue, â€¢ Search PRs to see if you can find history on this issue, â€¢ Search the codebase for relevant files, 1. Think harder about how to break the issue down into a series of small, 2. Document your plan in a new scratchpad, â€¢ include the issue name in the filename, â€¢ include a link to the issue in the scratchpad., Create, â€¢ Create a new branch for the issue, â€¢ Solve the issue in small, â€¢ Commit your changes after each step, TEST, â€¢ Use puppeteer via MCP to test the changes if you have made changes to the UI, â€¢ Write rspec tests to describe the expected behavior of your code, â€¢ Run the full test suite to ensure you haven't broken anything, â€¢ If the tests are failing, â€¢ Ensure that all tests are passing before moving on to the next step, DEPLOY, â€¢ Open a PR and request a review#SDLC StageTaskResponsibleDescription / NotesGuardrailsSystem Enforcement1PlanIssue CreationJackson (via Gizmo)Structured prompt for Claude / GitHub issue--phase-guardClaude Prompt Protocol / PR tags2PlanPhase Branch CreationClaudeNew branch (e.g. feature/wt-5.6-x) created from main or last merged phase--phase-guardGit flow enforcement","RECON-80","next steps)--memory-anchor-requiredDriveMemory/MemoryPlugin integration12DeployPost-Merge MonitoringGizmo + JacksonWatch for regressions; validate downstream stability--regression-watchSidebar Watcher","agentVersion)--single-source-governance-modAudit trail / Governance schema5CreateCommit + PushClaudeEach commit must label phase + scope (e.g. WT-5.6: [dispatch])--commit-labelingGit commit checks (optional hook)6CreatePR CreationClaudePR must link to issue"
"WT SubApp Developmetn","WT-UX4","","Completed"
"This artefact confirms strategic direction across Roam and Complize regarding AI architecture","integration","","and product rebuild decisions."
"Answer: âœ… Yes â€” Build a meta-layer infrastructure that is app-agnostic and reusable., Rationale:, â€¢ Wombat Track already serves as a governance and orchestration layer., â€¢ MetaPlatform provides AI runtime execution with CI/CD, â€¢ Reusability across apps avoids duplication and enables faster scaling., â€¢ Promotes semantic governance","RECON-83","","and agent orchestration."
"ğŸ“Œ Conclusion: Build once â†’ reuse across Roam","Complize","","and future apps."
"2. Should we build an integration layer to harmonise workflows (Gmail","Actionstep","","Notion"
"Answer: âš ï¸ Yes â€” but selectively and semantically., Rationale:, â€¢ Donâ€™t replicate Zapier. Instead, â€¢ Use lightweight sync agents to bring in:, , â—¦ Notion governance metadata, â—¦ Gmail meeting summaries, â—¦ Actionstep decision records","RECON-86","",""
"â€¢ Feed structured logs into MemoryPlugin","GovernanceLog","","DriveMemory."
"ğŸ“Œ Conclusion: Harmonise workflows via AI-aware ingestion + governance, 3. Should we rebuild Complize as a modular app with sub-apps (e.g. Knowledge, Answer: ğŸŸ¢ Yes â€” Complize should be rebuilt as a modular app on shared AI infrastructure., Rationale:, â€¢ Matches Complizeâ€™s vision as an Immigration OS","RECON-88","","Case Management)?"
"â€¢ Enables Workforce","Nexus","","Verify to be launched independently or combined"
"â€¢ Centralises audit, ğŸ“Œ Conclusion: New Complize app will run on top of the MetaPlatform/Wombat core with sub-apps modularised., ğŸ§­ Final Strategic RecommendationDomainActionJustificationAI Infrastructureâœ… CentraliseOne engine to govern and scaffold all AI workflowsWorkflow Harmonisationâš ï¸ IntegrateVia ingestion agents, ğŸ“Œ Next Suggested Artefacts, 1. http://meta-platform-architecture.md/ â€“ infrastructure + governance layer overview, 2. complize-app-feature-backlog.csv â€“ feature set by sub-app module","RECON-90","","and lifecycle data via shared layer"
"3. http://integration-adapter-plan.md/ â€“ data sync strategy across Notion","Actionstep","","Gmail"
"Created: 2025-07-24, Author: ChatGPT-Gizmo","RECON-92","",""
"Pushed to: MemoryPlugin","DriveMemory","",""